{
  "dispatcher_lock": null,
  "global_opus_lock": null,
  "fan_locks": {
    "fan_lock:acct_54e3119e77da4429b6537f7dd2883a05:104412437": {
      "acquired": 1771548064.443189,
      "expires": 1771548184.443189
    },
    "fan_lock:acct_54e3119e77da4429b6537f7dd2883a05:386484616": {
      "acquired": 1771553284.063405,
      "expires": 1771553404.063405
    },
    "fan_lock:acct_54e3119e77da4429b6537f7dd2883a05:505488901": {
      "acquired": 1771553885.093549,
      "expires": 1771554005.093549
    },
    "fan_lock:acct_54e3119e77da4429b6537f7dd2883a05:121331731": {
      "acquired": 1771542965.757622,
      "expires": 1771543085.757622
    },
    "fan_lock:acct_54e3119e77da4429b6537f7dd2883a05:474861685": {
      "acquired": 1771543085.551539,
      "expires": 1771543205.551539
    },
    "fan_lock:acct_54e3119e77da4429b6537f7dd2883a05:512798597": {
      "acquired": 1771543204.30245,
      "expires": 1771543324.30245
    },
    "fan_lock:acct_54e3119e77da4429b6537f7dd2883a05:410722482": {
      "acquired": 1771543324.1786711,
      "expires": 1771543444.1786711
    },
    "fan_lock:acct_54e3119e77da4429b6537f7dd2883a05:392277238": {
      "acquired": 1771547224.346495,
      "expires": 1771547344.346495
    },
    "fan_lock:acct_54e3119e77da4429b6537f7dd2883a05:423072315": {
      "acquired": 1771548184.272269,
      "expires": 1771548304.272269
    },
    "fan_lock:acct_54e3119e77da4429b6537f7dd2883a05:123378771": {
      "acquired": 1771546143.578275,
      "expires": 1771546263.578275
    },
    "fan_lock:acct_54e3119e77da4429b6537f7dd2883a05:269560340": {
      "acquired": 1771545966.129451,
      "expires": 1771546086.129451
    },
    "fan_lock:acct_54e3119e77da4429b6537f7dd2883a05:219023487": {
      "acquired": 1771550884.71841,
      "expires": 1771551004.71841
    },
    "fan_lock:acct_54e3119e77da4429b6537f7dd2883a05:451406954": {
      "acquired": 1771551613.2888389,
      "expires": 1771551733.2888389
    },
    "fan_lock:acct_54e3119e77da4429b6537f7dd2883a05:97399362": {
      "acquired": 1771554545.382116,
      "expires": 1771554665.382116
    },
    "fan_lock:acct_54e3119e77da4429b6537f7dd2883a05:152554038": {
      "acquired": 1771554606.646623,
      "expires": 1771554726.646623
    },
    "fan_lock:acct_54e3119e77da4429b6537f7dd2883a05:489169605": {
      "acquired": 1771546504.059587,
      "expires": 1771546624.059587
    },
    "fan_lock:acct_54e3119e77da4429b6537f7dd2883a05:70043553": {
      "acquired": 1771547404.019997,
      "expires": 1771547524.019997
    },
    "fan_lock:acct_54e3119e77da4429b6537f7dd2883a05:419974855": {
      "acquired": 1771546744.175755,
      "expires": 1771546864.175755
    },
    "fan_lock:acct_54e3119e77da4429b6537f7dd2883a05:545134733": {
      "acquired": 1771547704.871506,
      "expires": 1771547824.871506
    },
    "fan_lock:acct_54e3119e77da4429b6537f7dd2883a05:533220908": {
      "acquired": 1771549984.855058,
      "expires": 1771550104.855058
    },
    "fan_lock:acct_54e3119e77da4429b6537f7dd2883a05:273709966": {
      "acquired": 1771549851.510967,
      "expires": 1771549971.510967
    },
    "fan_lock:acct_54e3119e77da4429b6537f7dd2883a05:551736336": {
      "acquired": 1771551664.387305,
      "expires": 1771551784.387305
    },
    "fan_lock:acct_54e3119e77da4429b6537f7dd2883a05:7803576": {
      "acquired": 1771554064.680794,
      "expires": 1771554184.680794
    },
    "fan_lock:acct_54e3119e77da4429b6537f7dd2883a05:502135990": {
      "acquired": 1771553106.620909,
      "expires": 1771553226.620909
    },
    "fan_lock:acct_54e3119e77da4429b6537f7dd2883a05:420778807": {
      "acquired": 1771553165.2926002,
      "expires": 1771553285.2926002
    },
    "fan_lock:acct_54e3119e77da4429b6537f7dd2883a05:351310769": {
      "acquired": 1771553344.250274,
      "expires": 1771553464.250274
    },
    "fan_lock:acct_54e3119e77da4429b6537f7dd2883a05:533877523": {
      "acquired": 1771554364.4833229,
      "expires": 1771554484.4833229
    }
  }
}